,county,precinct,sde
0,Lee,FM4B,0.0
1,Lee,KE2B,0.0
2,Lee,HR,0.0
3,Appanoose,CW,0.16
4,Black Hawk,S000,0.40399999999999997
5,Carroll,7,0.22
6,Carroll,12,0.22
7,Cedar,IN,0.3428571428571429
8,Cerro Gordo,FLN,0.35428571428571426
9,Cerro Gordo,LK,0.35428571428571426
10,Cerro Gordo,LCN,0.35428571428571426
11,Cerro Gordo,MSB,0.35428571428571426
12,Cerro Gordo,MV,0.35428571428571426
13,Clay,GFHD,0.18823529411764706
14,Clay,LGGG,0.18823529411764706
15,Clinton,DCGL,0.4428571428571429
16,Clinton,OGCA,0.4428571428571429
17,Dallas,ADS,0.8285714285714286
18,Dallas,COA,0.8285714285714286
19,Dallas,WM322,0.8285714285714286
20,Dickinson,PCT 04,0.25
21,Dickinson,PCT 06,0.25
22,Fremont,RT,0.15
23,Guthrie ,8,0.17142857142857146
24,Harrison,LS,0.18666666666666668
25,Howard,CR1A,0.2857142857142857
26,Howard,RJO,0.2857142857142857
27,Humboldt,H-WV,0.17777777777777778
28,Humboldt,NL-EV,0.17777777777777778
29,Jackson,10,0.3428571428571429
30,Jackson,11,0.3428571428571429
31,Jefferson,BU,0.4363636363636363
32,Jefferson,WLR,0.4363636363636363
33,Johnson,HS,0.81
34,Johnson,LB,0.81
35,Johnson,UN,0.81
36,Kossuth,LV,0.17777777777777778
37,Kossuth,CR 2,0.17777777777777778
38,Linn,HIA03,0.8790697674418605
39,Linn,TCLI,0.8790697674418605
40,Linn,TFAY,0.8790697674418605
41,Linn,TGRA,0.8790697674418605
42,Linn,TJAC,0.8790697674418605
43,Linn,TMAR,0.8790697674418605
44,Linn,TOTT,0.8790697674418605
45,Mills,EM,0.3111111111111111
46,Mitchell,12,0.15
47,O'Brien,P1,0.14545454545454545
48,Plymouth,BV,0.45
49,Polk,DM 048,0.5596002855103498
50,Polk,DM 067,0.5596002855103498
51,Polk,ALLEMAN,0.5596002855103498
52,Polk,DEL 2,0.5596002855103498
53,Polk,WB 1,0.5596002855103498
54,Poweshiek,3,0.28
55,Sac,2,0.13333333333333333
56,Scott,LCT,0.8266666666666667
57,Scott,LG,0.8266666666666667
58,Scott,PV,0.8266666666666667
59,Scott,PR,0.8266666666666667
60,Sioux,PL,0.175
61,Sioux,RD,0.175
62,Story,26,0.83
63,Story,35,0.83
64,Story,41,0.83
65,Story,43,0.83
66,Tama,YK,0.25882352941176473
67,Union,AR,0.15
68,Woodbury,32,0.425
69,Woodbury,34,0.425
70,Woodbury,36,0.425
71,Woodbury,38,0.425
72,Wright,EG1,0.26666666666666666
73,Wright,RURALEG,0.26666666666666666
74,Wright,GLDFLD,0.26666666666666666
75,Allamakee,PCT 3,0.2333333333333333
76,Black Hawk,J200,0.6060000000000001
77,Black Hawk,PH01,0.6060000000000001
78,Black Hawk,R000,0.6060000000000001
79,Boone,MD3,0.5700000000000001
80,Boone,RP3,0.5700000000000001
81,Boone,RP5,0.5700000000000001
82,Bremer,PL,0.6799999999999999
83,Buchanan,MN,0.41052631578947374
84,Calhoun,READING,0.25
85,Calhoun,SHERMAN,0.25
86,Carroll,10,0.33
87,Cedar,FR,0.5142857142857142
88,Cerro Gordo,POD,0.5314285714285714
89,Chickasaw,WA1,0.21
90,Clay,DGPE,0.2823529411764706
91,Clay,LAFR,0.2823529411764706
92,Clinton,BBRD,0.6642857142857143
93,Clinton,ORGM,0.6642857142857143
94,Clinton,SRWH,0.6642857142857143
95,Clinton,WWAW,0.6642857142857143
96,Dallas,AL1,1.2428571428571429
97,Dallas,PY3,1.2428571428571429
98,Dallas,UN,1.2428571428571429
99,Dallas,URB15,1.2428571428571429
100,Dallas,WGG,1.2428571428571429
101,Decatur,DE,0.1411764705882353
102,Emmet,10,0.3428571428571429
103,Guthrie ,7,0.2571428571428571
104,Harrison,JA,0.28
105,Harrison,BO,0.28
106,Harrison,JF,0.28
107,Howard,AL,0.42857142857142855
108,Howard,SHC,0.42857142857142855
109,Howard,NO,0.42857142857142855
110,Humboldt,A-NW,0.26666666666666666
111,Humboldt,D-W-NR,0.26666666666666666
112,Jackson,2,0.5142857142857142
113,Jackson,3,0.5142857142857142
114,Jackson,5,0.5142857142857142
115,Jackson,8,0.5142857142857142
116,Jackson,13,0.5142857142857142
117,Johnson,OX,1.215
118,Johnson,WL,1.215
119,Keokuk,BN,0.3428571428571429
120,Keokuk,SGR,0.3428571428571429
121,Keokuk,WC,0.3428571428571429
122,Mitchell,11,0.225
123,Plymouth,AK,0.675
124,Plymouth,RM,0.675
125,Plymouth,MR,0.675
126,Plymouth,PY,0.675
127,Plymouth,KL,0.675
128,Pocahontas,BV,0.18
129,Polk,DM 034,0.8394004282655247
130,Polk,DM 049,0.8394004282655247
131,Polk,CLAY 1,0.8394004282655247
132,Polk,DOUGLAS,0.8394004282655247
133,Polk,WDM-318,0.8394004282655247
134,Poweshiek,4,0.42
135,Ringgold,TG,0.1125
136,Scott,WC,1.24
137,Sioux,FL,0.2625
138,Sioux,GT,0.2625
139,Sioux,RVW,0.2625
140,Story,24,1.245
141,Story,30,1.245
142,Story,31,1.245
143,Story,32,1.245
144,Story,33,1.245
145,Story,39,1.245
146,Tama,CRONNOC,0.3882352941176471
147,Tama,RL/ST,0.3882352941176471
148,Wapello,DA,0.27
149,Wapello,RL,0.27
150,Warren,JK,0.7
151,Warren,RL,0.7
152,Warren,WHO,0.7
153,Washington,WC,0.5571428571428572
154,Webster,CR,0.25
155,Webster,JO,0.25
156,Woodbury,9,0.6375
157,Woodbury,31,0.6375
158,Allamakee,PCT 1,0.3111111111111111
159,Allamakee,PCT 5,0.3111111111111111
160,Black Hawk,X201,0.8079999999999999
161,Black Hawk,J100,0.8079999999999999
162,Black Hawk,J300,0.8079999999999999
163,Black Hawk,J400,0.8079999999999999
164,Black Hawk,N000,0.8079999999999999
165,Black Hawk,W501,0.8079999999999999
166,Boone,MD1,0.76
167,Boone,MD2,0.76
168,Bremer,LA,0.9066666666666666
169,Bremer,RD,0.9066666666666666
170,Buchanan,BD,0.5473684210526316
171,Buchanan,HT,0.5473684210526316
172,Carroll,9,0.44
173,Carroll,5,0.44
174,Chickasaw,CH,0.28
175,Chickasaw,DA-RD,0.28
176,Chickasaw,JA-UT,0.28
177,Clay,LNCL,0.3764705882352941
178,Clay,WFLT,0.3764705882352941
179,Clinton,DEWT,0.8857142857142857
180,Clinton,ERHA,0.8857142857142857
181,Decatur,BU,0.18823529411764706
182,Decatur,GR,0.18823529411764706
183,Dubuque,35,1.0666666666666669
184,Dubuque,40,1.0666666666666669
185,Emmet,1,0.4571428571428571
186,Emmet,9,0.4571428571428571
187,Franklin,GROC,0.2222222222222222
188,Franklin,WMO,0.2222222222222222
189,Franklin,WRSC,0.2222222222222222
190,Harrison,MR,0.37333333333333335
191,Harrison,WS,0.37333333333333335
192,Jasper,CF-1,0.46
193,Jasper,CF-3,0.46
194,Jasper,EL,0.46
195,Jefferson,FF3,0.8727272727272727
196,Johnson,BG,1.62
197,Johnson,FR,1.62
198,Johnson,SC,1.62
199,Johnson,UH,1.62
200,Keokuk,ER,0.4571428571428571
201,Kossuth,HB,0.3555555555555556
202,Kossuth,PR,0.3555555555555556
203,Kossuth,GF,0.3555555555555556
204,Lee,JF,0.56
205,Lucas,EX,0.2909090909090909
206,Mills,GWR,0.6222222222222222
207,O'Brien,P2,0.2909090909090909
208,Plymouth,HT,0.9
209,Plymouth,LM13,0.9
210,Poweshiek,11,0.56
211,Sioux,LN,0.35
212,Sioux,RVE,0.35
213,Sioux,SCN,0.35
214,Story,17,1.66
215,Tama,CT,0.5176470588235295
216,Tama,HL/IV/T,0.5176470588235295
217,Warren,JF,0.9333333333333332
218,Warren,OT ML,0.9333333333333332
219,Woodbury,11,0.85
220,Woodbury,13,0.85
221,Wright,BIG_6,0.5333333333333333
222,Adams,AD5,0.4285714285714286
223,Allamakee,PCT 8,0.3888888888888889
224,Benton,BP2,0.375
225,Benton,BR,0.375
226,Black Hawk,ALOO,1.01
227,Black Hawk,W403,1.01
228,Black Hawk,W406,1.01
229,Boone,RP1,0.95
230,Bremer,JV,1.1333333333333333
231,Bremer,TR,1.1333333333333333
232,Bremer,WL3,1.1333333333333333
233,Buchanan,AR,0.6842105263157895
234,Buchanan,FB,0.6842105263157895
235,Buchanan,RW,0.6842105263157895
236,Buena Vista,ALNE,1.0
237,Buena Vista,S-M-L-R,1.0
238,Butler,5-AP,0.5833333333333334
239,Butler,8-NH,0.5833333333333334
240,Calhoun,CNLGTGA,0.4166666666666666
241,Carroll,6,0.55
242,Cedar,TT3,0.8571428571428572
243,Cerro Gordo,GN,0.8857142857142857
244,Cherokee,3 QUIM,0.5454545454545454
245,Chickasaw,NHR,0.35000000000000003
246,Clayton,CS,0.8333333333333333
247,Dallas,CL5,2.071428571428572
248,Dallas,URB14,2.071428571428572
249,Dallas,WK4,2.071428571428572
250,Dallas,WK5,2.071428571428572
251,Dallas,WK6,2.071428571428572
252,Dallas,WM222,2.071428571428572
253,Dallas,WM321,2.071428571428572
254,Delaware,CL,0.375
255,Dickinson,PCT 01,0.625
256,Dickinson,PCT 02,0.625
257,Emmet,6,0.5714285714285714
258,Emmet,7,0.5714285714285714
259,Floyd,SCUNPG,0.5555555555555556
260,Franklin,HLLERV,0.2777777777777778
261,Franklin,MA,0.2777777777777778
262,Franklin,OKMG,0.2777777777777778
263,Guthrie ,1,0.4285714285714286
264,Howard,CR3,0.7142857142857142
265,Howard,CR1B,0.7142857142857142
266,Humboldt,DC-GR,0.4444444444444445
267,Jackson,9,0.8571428571428572
268,Jackson,15,0.8571428571428572
269,Jasper,CF-2,0.5750000000000001
270,Jasper,PA,0.5750000000000001
271,Johnson,CV.03,2.0250000000000004
272,Johnson,JE,2.0250000000000004
273,Johnson,JW,2.0250000000000004
274,Kossuth,EG,0.4444444444444445
275,Kossuth,GM,0.4444444444444445
276,Kossuth,BF,0.4444444444444445
277,Lucas,POM,0.3636363636363637
278,Mills,GW1,0.7777777777777778
279,Mills,GW2,0.7777777777777778
280,Mitchell,10,0.375
281,Monona,ON409,0.25
282,Muscatine,FUMO,0.8333333333333333
283,O'Brien,P5,0.3636363636363637
284,O'Brien,P6,0.3636363636363637
285,Story,12,2.075
286,Story,13,2.075
287,Story,18,2.075
288,Tama,H/TL,0.6470588235294118
289,Warren,GR1,1.1666666666666667
290,Warren,IN1,1.1666666666666667
291,Warren,IN3,1.1666666666666667
292,Warren,IN6,1.1666666666666667
293,Washington,BMC,0.9285714285714286
294,Webster,EL,0.4166666666666666
295,Webster,SWYH,0.4166666666666666
296,Woodbury,4,1.0625
297,Woodbury,8,1.0625
298,Woodbury,20,1.0625
299,Woodbury,35,1.0625
300,Black Hawk,W201,1.2120000000000002
301,Black Hawk,W306,1.2120000000000002
302,Boone,RP6,1.14
303,Bremer,SU,1.36
304,Buchanan,I2,0.8210526315789475
305,Buchanan,I4,0.8210526315789475
306,Buchanan,I5,0.8210526315789475
307,Buchanan,PW,0.8210526315789475
308,Buchanan,QT,0.8210526315789475
309,Cherokee,4 CHER,0.6545454545454545
310,Chickasaw,DF-W2,0.42
311,Dallas,CL6,2.4857142857142858
312,Dallas,WK1,2.4857142857142858
313,Dallas,WK2,2.4857142857142858
314,Des Moines,BU1T,2.16
315,Des Moines,BU7,2.16
316,Des Moines,WB,2.16
317,Dubuque,14,1.6
318,Dubuque,45,1.6
319,Guthrie ,3,0.5142857142857142
320,Howard,AF,0.8571428571428571
321,Howard,CR2,0.8571428571428571
322,Jackson,7,1.0285714285714285
323,Jackson,16,1.0285714285714285
324,Jasper,MW,0.6900000000000001
325,Johnson,IC.15,2.43
326,Johnson,NL.04,2.43
327,Johnson,NL.05,2.43
328,Johnson,SO,2.43
329,Kossuth,CR,0.5333333333333333
330,Lee,KE3,0.8400000000000001
331,Lee,KE4,0.8400000000000001
332,Lee,CH VB,0.8400000000000001
333,Lucas,LC,0.4363636363636363
334,Lucas,RS,0.4363636363636363
335,Monroe,AL2,0.2769230769230769
336,Monroe,MELROSE,0.2769230769230769
337,Muscatine,MU08,1.0
338,Muscatine,SW,1.0
339,O'Brien,P9,0.4363636363636363
340,Plymouth,LM11,1.35
341,Plymouth,LM12,1.35
342,Poweshiek,5,0.8400000000000001
343,Ringgold,CL,0.225
344,Sioux,SCS,0.5249999999999999
345,Story,1,2.49
346,Story,3,2.49
347,Story,16,2.49
348,Story,25,2.49
349,Story,40,2.49
350,Tama,SP/WC,0.7764705882352942
351,Wapello,AD,0.54
352,Wapello,WA,0.54
353,Warren,AL2,1.4
354,Warren,GR1DM85,1.4
355,Warren,IN5,1.4
356,Washington,WS1,1.1142857142857143
357,Winneshiek,8,0.768
358,Winneshiek,10,0.768
359,Woodbury,14,1.275
360,Woodbury,30,1.275
361,Allamakee,PCT 6,0.5444444444444445
362,Appanoose,TY,0.56
363,Boone,OG,1.33
364,Boone,RP2,1.33
365,Boone,RP4,1.33
366,Bremer,WL2,1.586666666666667
367,Buchanan,WN,0.9578947368421054
368,Buena Vista,1,1.4
369,Buena Vista,3,1.4
370,Carroll,8,0.77
371,Carroll,13,0.77
372,Cerro Gordo,CL,1.24
373,Cerro Gordo,MC W2P1,1.24
374,Cherokee,6 CH W2,0.7636363636363636
375,Chickasaw,NH2,0.4900000000000001
376,Clay,SRSM,0.6588235294117647
377,Clinton,CAM2,1.5499999999999998
378,Clinton,CL11,1.5499999999999998
379,Clinton,CL21,1.5499999999999998
380,Dallas,URB13,2.9000000000000004
381,Dallas,WK3,2.9000000000000004
382,Davis,SW,0.21
383,Decatur,GG,0.32941176470588235
384,Delaware,ADHG,0.525
385,Delaware,DH,0.525
386,Des Moines,BU2,2.52
387,Des Moines,BU9,2.52
388,Dickinson,PCT 05,0.875
389,Fremont,HB,0.525
390,Harrison,SJ,0.6533333333333333
391,Jefferson,FF5,1.5272727272727271
392,Lee,KE6,0.98
393,Lee,JK,0.98
394,Lee,MO,0.98
395,Lucas,WM,0.509090909090909
396,Mahaska,OS2,1.12
397,Marion,PE1,1.26
398,Marion,PE2,1.26
399,Marshall,2 ED-LO,1.12
400,Marshall,17 SC,1.12
401,Mills,GW3,1.088888888888889
402,Mitchell,OS3,0.525
403,Mitchell,8,0.525
404,Monona,MH005,0.35000000000000003
405,Monona,ON207,0.35000000000000003
406,Monona,ON308,0.35000000000000003
407,Montgomery,7,0.56
408,O'Brien,P4,0.509090909090909
409,O'Brien,P8,0.509090909090909
410,Page,GT,0.56
411,Shelby,4,0.35000000000000003
412,Sioux,AT,0.6124999999999999
413,Sioux,SCC,0.6124999999999999
414,Story,7,2.905
415,Story,19,2.905
416,Story,22,2.905
417,Warren,GR2LC2,1.6333333333333333
418,Warren,NW2 GR1,1.6333333333333333
419,Washington,RS,1.3
420,Washington,WS2,1.3
421,Webster,GO,0.5833333333333333
422,Winneshiek,1,0.8959999999999999
423,Woodbury,15,1.4875
424,Woodbury,16,1.4875
425,Woodbury,21,1.4875
426,Woodbury,23,1.4875
427,Woodbury,24,1.4875
428,Woodbury,25,1.4875
429,Woodbury,29,1.4875
430,Adair,01NW,0.6274509803921569
431,Allamakee,PCT 4,0.6222222222222222
432,Black Hawk,C000,1.6159999999999999
433,Black Hawk,X101,1.6159999999999999
434,Black Hawk,W103,1.6159999999999999
435,Black Hawk,W105,1.6159999999999999
436,Black Hawk,W301,1.6159999999999999
437,Black Hawk,W502,1.6159999999999999
438,Bremer,WL4,1.8133333333333328
439,Buena Vista,4,1.6
440,Carroll,11,0.88
441,Cedar,CN,1.3714285714285714
442,Cedar,FM,1.3714285714285714
443,Cerro Gordo,MC W1P1,1.417142857142857
444,Cerro Gordo,MC W2P3,1.417142857142857
445,Cerro Gordo,MC W3P2,1.417142857142857
446,Cerro Gordo,MC W4P1,1.417142857142857
447,Cherokee,1 AUR,0.8727272727272727
448,Chickasaw,ST,0.56
449,Clinton,CAM1,1.7714285714285714
450,Clinton,DEW1,1.7714285714285714
451,Dallas,WM221,3.3142857142857145
452,Dallas,WM225,3.3142857142857145
453,Des Moines,BU8C,2.88
454,Dubuque,09A,2.1333333333333333
455,Dubuque,11,2.1333333333333333
456,Dubuque,15,2.1333333333333333
457,Floyd,FLCENI,0.8888888888888888
458,Floyd,RFUL,0.8888888888888888
459,Franklin,HP1,0.4444444444444444
460,Harrison,WB,0.7466666666666667
461,Harrison,LO,0.7466666666666667
462,Jefferson,CT,1.7454545454545454
463,Jefferson,FF4,1.7454545454545454
464,Johnson,CC,3.24
465,Johnson,CV.02,3.24
466,Johnson,IC.07,3.24
467,Johnson,IC.11,3.24
468,Johnson,IC.22,3.24
469,Jones ,CGLW,1.28
470,Jones ,FV,1.28
471,Kossuth,BT,0.7111111111111111
472,Kossuth,AL4,0.7111111111111111
473,Lee,KE5,1.12
474,Lee,KE7,1.12
475,Linn,CR12,3.5162790697674415
476,Linn,CR24,3.5162790697674415
477,Linn,CR31,3.5162790697674415
478,Linn,CR36,3.5162790697674415
479,Linn,CR39,3.5162790697674415
480,Linn,MR05,3.5162790697674415
481,Mahaska,OS4,1.28
482,Mills,MV,1.2444444444444445
483,Mills,OK,1.2444444444444445
484,Monroe,AL3,0.3692307692307693
485,O'Brien,P7,0.5818181818181818
486,Story,2,3.32
487,Story,4,3.32
488,Story,8,3.32
489,Story,14,3.32
490,Story,15,3.32
491,Story,20,3.32
492,Washington,AW,1.4857142857142858
493,Washington,WS3,1.4857142857142858
494,Washington,WS4,1.4857142857142858
495,Adair,03SW,0.7058823529411764
496,Allamakee,PCT 9,0.7
497,Allamakee,PCT 10,0.7
498,Allamakee,PCT 11,0.7
499,Benton,BG,0.6749999999999999
500,Boone,BN1,1.71
501,Bremer,DV,2.04
502,Bremer,WL1,2.04
503,Bremer,WL5,2.04
504,Buchanan,I3,1.2315789473684209
505,Cerro Gordo,CL1,1.594285714285714
506,Cerro Gordo,CL3,1.594285714285714
507,Cerro Gordo,MC W4P2,1.594285714285714
508,Cherokee,2 CLEG,0.9818181818181818
509,Chickasaw,NH1,0.6300000000000001
510,Clinton,CL12,1.9928571428571429
511,Decatur,LC,0.4235294117647059
512,Delaware,HCEK,0.6749999999999999
513,Delaware,RLCG,0.6749999999999999
514,Dubuque,6,2.4
515,Dubuque,43,2.4
516,Grundy,P1,0.9
517,Harrison,HS,0.8400000000000001
518,Jasper,CP,1.035
519,Jasper,NT4-2,1.035
520,Jefferson,FF1,1.963636363636364
521,Lee,FM2,1.2600000000000002
522,Linn,CR25,3.955813953488372
523,Linn,CR26,3.955813953488372
524,Louisa,CJ,0.9
525,Louisa,GV,0.9
526,Marion,KX3,1.62
527,Marion,KXT,1.62
528,Mitchell,OS4,0.6749999999999999
529,Mitchell,7,0.6749999999999999
530,Monroe,AL4,0.4153846153846154
531,Monroe,LOVILIA,0.4153846153846154
532,Pocahontas,SW,0.54
533,Pocahontas,DM,0.54
534,Ringgold,AT,0.3375
535,Ringgold,UN,0.3375
536,Scott,D64,3.72
537,Story,5,3.735
538,Story,9,3.735
539,Story,10,3.735
540,Story,11,3.735
541,Tama,CK/GE,1.1647058823529413
542,Tama,IS,1.1647058823529413
543,Union,AF,0.6749999999999999
544,Warren,IN2,2.1
545,Warren,IN7,2.1
546,Washington,KA,1.6714285714285717
547,Washington,WL,1.6714285714285717
548,Wayne,S04,0.6749999999999999
549,Winneshiek,9,1.152
550,Woodbury,6,1.9125
551,Woodbury,12,1.9125
552,Woodbury,17,1.9125
553,Woodbury,19,1.9125
554,Adair,04SE,0.7843137254901961
555,Black Hawk,DM00,2.02
556,Black Hawk,X301,2.02
557,Black Hawk,X402,2.02
558,Black Hawk,W101,2.02
559,Black Hawk,W401,2.02
560,Black Hawk,W505,2.02
561,Boone,BN2,1.9
562,Boone,BN3,1.9
563,Boone,BN5,1.9
564,Butler,1-GR,1.1666666666666667
565,Butler,7-PB,1.1666666666666667
566,Calhoun,LINCOLN,0.8333333333333333
567,Cerro Gordo,MC W1P2,1.7714285714285714
568,Cherokee,5 CH W1,1.0909090909090908
569,Cherokee,7 CH W3,1.0909090909090908
570,Clay,SP1,0.9411764705882352
571,Clinton,CL31,2.2142857142857144
572,Clinton,CL41,2.2142857142857144
573,Clinton,CL42,2.2142857142857144
574,Clinton,DEW2,2.2142857142857144
575,Dubuque,1,2.6666666666666665
576,Dubuque,12,2.6666666666666665
577,Dubuque,19,2.6666666666666665
578,Dubuque,32,2.6666666666666665
579,Dubuque,34,2.6666666666666665
580,Floyd,SCRV,1.1111111111111112
581,Franklin,HP2,0.5555555555555556
582,Hancock,4,1.0
583,Humboldt,H1-C-SW,0.8888888888888891
584,Humboldt,H3-SR,0.8888888888888891
585,Jasper,NT1-2,1.15
586,Jasper,NT3-2,1.15
587,Johnson,CV.06,4.050000000000002
588,Johnson,IC.02,4.050000000000002
589,Johnson,IC.04,4.050000000000002
590,Johnson,IC.08,4.050000000000002
591,Johnson,IC.21,4.050000000000002
592,Johnson,PN,4.050000000000002
593,Kossuth,AL3,0.8888888888888891
594,Lee,FR CE,1.4
595,Lee,WS GB,1.4
596,Monroe,AL1,0.4615384615384616
597,Muscatine,WC,1.6666666666666663
598,Ringgold,WS,0.375
599,Scott,B52,4.133333333333333
600,Sioux,OC1,0.875
601,Story,6,4.15
602,Tama,PY/CY/B,1.2941176470588236
603,Van Buren,KE,1.0
604,Warren,NWK4,2.333333333333333
605,Winneshiek,7,1.28
606,Adair,02NE,0.8627450980392157
607,Appanoose,CV2,0.88
608,Benton,VT3,0.825
609,Black Hawk,X503,2.222
610,Black Hawk,W106,2.222
611,Black Hawk,W305,2.222
612,Black Hawk,W405,2.222
613,Buchanan,JS,1.5052631578947369
614,Butler,2-CL,1.2833333333333334
615,Butler,6-SR,1.2833333333333334
616,Cerro Gordo,CL2,1.9485714285714284
617,Cerro Gordo,MC W1P3,1.9485714285714284
618,Cerro Gordo,MC W3P1,1.9485714285714284
619,Cerro Gordo,MC W4P3,1.9485714285714284
620,Davis,NW,0.33
621,Dubuque,5,2.933333333333333
622,Dubuque,10,2.933333333333333
623,Dubuque,20,2.933333333333333
624,Dubuque,31,2.933333333333333
625,Fayette,OE4,1.3199999999999998
626,Franklin,HP4,0.6111111111111109
627,Fremont,GNRSSC,0.825
628,Hamilton,PCT 3,1.1
629,Jasper,DM,1.265
630,Jasper,NT2-2,1.265
631,Jefferson,FF2,2.4
632,Johnson,IC.06,4.455
633,Johnson,IC.16,4.455
634,Johnson,NL.06,4.455
635,Lee,FM3,1.54
636,Lee,FM4A,1.54
637,Louisa,WL,1.1
638,Madison,UCS,1.3199999999999998
639,Monona,FV004,0.55
640,Muscatine,MU01,1.8333333333333333
641,Muscatine,MU06,1.8333333333333333
642,O'Brien,P3,0.7999999999999999
643,Page,SD3,0.88
644,Palo Alto,GR RV,0.9166666666666666
645,Pottawattamie,CB 15,1.3199999999999998
646,Pottawattamie,CB 16,1.3199999999999998
647,Pottawattamie,LEWIS 1,1.3199999999999998
648,Pottawattamie,LEWIS 2,1.3199999999999998
649,Poweshiek,2,1.54
650,Sac,7,0.7333333333333333
651,Sioux,OC2,0.9625
652,Tama,TLCITY,1.4235294117647062
653,Taylor,LX,1.1
654,Union,CS4,0.825
655,Wapello,OT04,0.99
656,Warren,IN4,2.566666666666667
657,Boone,BN4,2.28
658,Buchanan,I1,1.642105263157895
659,Chickasaw,DS-FB,0.8400000000000001
660,Clay,SP2,1.1294117647058823
661,Clay,SP3,1.1294117647058823
662,Clayton,JF-MV,2.0
663,Clinton,CL22,2.657142857142857
664,Clinton,CL32,2.657142857142857
665,Dubuque,2,3.2
666,Dubuque,4,3.2
667,Dubuque,7,3.2
668,Hamilton,PCT 4,1.2000000000000002
669,Hamilton,WC3,1.2000000000000002
670,Hardin,HA,0.8639999999999999
671,Hardin,EL,0.8639999999999999
672,Jasper,IMM,1.38
673,Johnson,IC.01,4.86
674,Johnson,IC.17,4.86
675,Johnson,IC.18,4.86
676,Johnson,IC.23,4.86
677,Johnson,IC.24,4.86
678,Kossuth,AL2,1.0666666666666669
679,Lee,FM5,1.6800000000000002
680,Marion,PVLLE,2.16
681,Marshall,11 2-1,1.92
682,Muscatine,WLWA,2.0
683,Palo Alto,EM4,1.0
684,Polk,DM 044,3.3576017130620985
685,Polk,DM 066,3.3576017130620985
686,Polk,ALT 3,3.3576017130620985
687,Polk,JOHN 1,3.3576017130620985
688,Polk,JOHN 2,3.3576017130620985
689,Polk,WDM-114,3.3576017130620985
690,Poweshiek,8,1.6800000000000002
691,Sioux,HW,1.0499999999999998
692,Warren,NW3 LN,2.8
693,Adair,05GF,1.0196078431372548
694,Appanoose,CV1,1.04
695,Black Hawk,X401,2.6260000000000003
696,Black Hawk,X501,2.6260000000000003
697,Black Hawk,X502,2.6260000000000003
698,Calhoun,ROCKWEL,1.0833333333333333
699,Carroll,3,1.43
700,Carroll,4,1.43
701,Cerro Gordo,MC W2P2,2.3028571428571425
702,Clay,SP4,1.223529411764706
703,Clay,SP5,1.223529411764706
704,Delaware,ONNFBM,0.975
705,Dickinson,PCT 15,1.625
706,Floyd,RGRU,1.4444444444444444
707,Grundy,P6,1.3
708,Henry,NW,0.8666666666666667
709,Henry,NE,0.8666666666666667
710,Henry,MP4,0.8666666666666667
711,Jackson,1,2.2285714285714286
712,Jasper,FV,1.495
713,Jasper,NS,1.495
714,Jasper,NT1-1,1.495
715,Jones ,ANS,2.08
716,Lee,WPPRDN,1.8200000000000005
717,Lucas,C2,0.9454545454545454
718,Madison,WT1,1.56
719,Madison,WT2,1.56
720,Marshall,15 4-1,2.08
721,Palo Alto,EM3,1.0833333333333333
722,Polk,DM 042,3.6374018558172736
723,Polk,DM 056,3.6374018558172736
724,Polk,GRIMES1,3.6374018558172736
725,Pottawattamie,CB 09,1.56
726,Pottawattamie,CRESC,1.56
727,Pottawattamie,UNDERW,1.56
728,Shelby,2,0.65
729,Shelby,9,0.65
730,Union,CS3,0.975
731,Union,CS5,0.975
732,Wapello,OT08,1.17
733,Wayne,C02,0.975
734,Webster,3,1.0833333333333333
735,Webster,8,1.0833333333333333
736,Webster,9,1.0833333333333333
737,Winneshiek,6,1.664
738,Woodbury,28,2.7625
739,Allamakee,PCT 2,1.088888888888889
740,Black Hawk,X202,2.8280000000000003
741,Black Hawk,X302,2.8280000000000003
742,Black Hawk,W204,2.8280000000000003
743,Carroll,1,1.54
744,Cedar,WB1,2.4
745,Delaware,MC2,1.05
746,Dickinson,PCT 08,1.75
747,Floyd,CC1,1.5555555555555554
748,Grundy,P5,1.4
749,Grundy,P7,1.4
750,Harrison,MV,1.3066666666666666
751,Iowa,MR,1.4
752,Jasper,NT2-1,1.61
753,Jasper,NT3-1,1.61
754,Lucas,C1,1.018181818181818
755,Marshall,13 3-1,2.24
756,Marshall,16 4-2,2.24
757,Polk,DM 055,3.9172019985724487
758,Polk,ANK 13,3.9172019985724487
759,Pottawattamie,CB 12,1.68
760,Pottawattamie,GARNER,1.68
761,Wapello,OT01,1.26
762,Black Hawk,X102,3.03
763,Black Hawk,X103,3.03
764,Calhoun,CHJEGLK,1.25
765,Floyd,CC3,1.6666666666666663
766,Marshall,12 2-2,2.4
767,Polk,DM 016,4.197002141327624
768,Polk,DM 039,4.197002141327624
769,Wapello,OT10,1.35
770,Webster,10,1.25
771,Franklin,RLRSWF,0.8888888888888888
772,Guthrie ,2,1.3714285714285714
773,Guthrie ,6,1.3714285714285714
774,Hardin,CC,1.1520000000000001
775,Henry,MP1,1.0666666666666669
776,Jasper,NT4-1,1.84
777,Polk,DM 015,4.4768022840827975
778,Polk,JOHN 5,4.4768022840827975
779,Poweshiek,9,2.24
780,Tama,CB/TM,2.0705882352941183
781,Winneshiek,4,2.048
782,Floyd,CC2,1.8888888888888888
783,Hamilton,WC1,1.7000000000000002
784,Hancock,6,1.7000000000000002
785,Hardin,ET,1.224
786,Hardin,ELC,1.224
787,Henry,MP3,1.1333333333333333
788,Jasper,HR,1.955
789,Monroe,CTHSE,0.7846153846153847
790,Page,CL2,1.36
791,Polk,DM 041,4.756602426837972
792,Polk,ANK 12,4.756602426837972
793,Pottawattamie,CB 11,2.04
794,Poweshiek,7,2.3800000000000003
795,Winneshiek,5,2.176
796,Allamakee,PCT 7,1.4
797,Carroll,2,1.98
798,Chickasaw,BD,1.2600000000000002
799,Marshall,14 3-2,2.88
800,Pottawattamie,CB 08,2.16
801,Union,CS2,1.35
802,Winneshiek,3,2.3040000000000003
803,Black Hawk,X203,3.838
804,Hardin,IF1,1.368
805,Polk,DM 062,5.316202712348323
806,Polk,ANK 01,5.316202712348323
807,Wapello,OT09,1.71
808,Webster,1,1.5833333333333333
809,Hamilton,WC2,2.0
810,Iowa,LX,2.0
811,Pottawattamie,CB 10A,2.4
812,Ringgold,M2,0.7875
813,Benton,BN,1.65
814,Benton,FR,1.65
815,Decatur,LE,1.0352941176470587
816,Hardin,IF2,1.584
817,Ringgold,M1,0.825
818,Wapello,OT03,1.98
819,Winneshiek,2,2.8160000000000003
820,Iowa,WM,2.3000000000000003
821,Poweshiek,6,3.3600000000000003
822,Worth,W31,1.6
823,Henry,SE,2.0
824,Decatur,BL,1.6941176470588235
825,Black Hawk,B000,0.20199999999999999
826,Black Hawk,G000,0.20199999999999999
827,Black Hawk,Q000,0.20199999999999999
828,Bremer,FD,0.22666666666666666
829,Calhoun,CEDAR,0.08333333333333333
830,Cerro Gordo,FLS,0.17714285714285713
831,Cerro Gordo,GMW,0.17714285714285713
832,Cerro Gordo,GME,0.17714285714285713
833,Clinton,CENT,0.22142857142857145
834,Clinton,EDCM,0.22142857142857145
835,Clinton,LBTO,0.22142857142857145
836,Clinton,LOMO,0.22142857142857145
837,Clinton,SHLN,0.22142857142857145
838,Clinton,WFCH,0.22142857142857145
839,Dallas,DO,0.4142857142857143
840,Dallas,LWL,0.4142857142857143
841,Dallas,SD,0.4142857142857143
842,Dallas,WM224,0.4142857142857143
843,Dickinson,PCT 07,0.125
844,Dickinson,PCT 09,0.125
845,Dubuque,44,0.26666666666666666
846,Emmet,2,0.11428571428571427
847,Emmet,4,0.11428571428571427
848,Hancock,5,0.1
849,Humboldt,SL-NN,0.08888888888888889
850,Ida,GV,0.15
851,Jefferson,BH-PO,0.21818181818181814
852,Jefferson,DM,0.21818181818181814
853,Jefferson,LG,0.21818181818181814
854,Jefferson,PN,0.21818181818181814
855,Johnson,CE,0.405
856,Johnson,GR,0.405
857,Johnson,HD,0.405
858,Johnson,SN,0.405
859,Johnson,WS,0.405
860,Keokuk,JA,0.11428571428571427
861,Keokuk,LC,0.11428571428571427
862,Keokuk,PR,0.11428571428571427
863,Keokuk,WN,0.11428571428571427
864,Kossuth,GW,0.08888888888888889
865,Kossuth,LC,0.08888888888888889
866,Kossuth,UN,0.08888888888888889
867,Kossuth,PC,0.08888888888888889
868,Kossuth,IV,0.08888888888888889
869,Kossuth,CR 1,0.08888888888888889
870,Linn,HIA04,0.4395348837209303
871,Linn,TBOU,0.4395348837209303
872,Linn,TBUF,0.4395348837209303
873,Linn,TCOL,0.4395348837209303
874,Linn,TLIN,0.4395348837209303
875,Linn,TSPR,0.4395348837209303
876,Lyon,P6,0.1
877,Mills,DR,0.15555555555555556
878,Mills,HN,0.15555555555555556
879,Mills,SV,0.15555555555555556
880,Osceola,HA,0.1
881,Plymouth,MRHG,0.225
882,Plymouth,SB,0.225
883,Plymouth,WF,0.225
884,Polk,DM 072,0.2798001427551749
885,Polk,ALLEN 1,0.2798001427551749
886,Polk,GRANGER,0.2798001427551749
887,Polk,MADISON,0.2798001427551749
888,Polk,SHELDAH,0.2798001427551749
889,Polk,WASH 1,0.2798001427551749
890,Sioux,SM,0.0875
891,Sioux,WB,0.0875
892,Tama,GR,0.12941176470588234
893,Tama,SOC,0.12941176470588234
894,Tama,LI,0.12941176470588234
895,Van Buren,SP,0.1
896,Wapello,CS,0.09
897,Wapello,CP,0.09
898,Wapello,HI,0.09
899,Warren,BM,0.2333333333333333
900,Warren,GR1DM86,0.2333333333333333
901,Warren,LB,0.2333333333333333
902,Warren,PM,0.2333333333333333
903,Warren,UN,0.2333333333333333
904,Warren,WB,0.2333333333333333
905,Winneshiek,11,0.128
906,Clayton,CC-SY,0.5
907,Clayton,ELMYVO,0.5
908,Clayton,FB-WG,0.5
909,Muscatine,F2LA,0.5
910,Muscatine,76CE,0.5
911,Muscatine,WTMW,0.5
912,Dickinson,PCT 10,0.5
913,Dickinson,PCT 12,0.5
914,Dickinson,PCT 14,0.5
915,Hamilton,PCT 2,0.5
916,Lyon,P1,0.5
917,Calhoun,BUWM,0.5
918,Webster,6,0.5
919,Shelby,3,0.5
920,Shelby,5,0.5
921,Shelby,7,0.5
922,Shelby,10,0.5
923,Crawford,SE,0.75
924,Winnebago,BUGRLC,0.75
925,Winnebago,FC 1,0.75
926,Dickinson,PCT 03,0.75
927,Dickinson,PCT 11,0.75
928,Dickinson,PCT 13,0.75
929,Webster,BD/NWC,0.75
930,Webster,DA/BU,0.75
931,Webster,5,0.75
932,Webster,OT/PV,0.75
933,Benton,ED,0.75
934,Benton,EL,0.75
935,Benton,IA,0.75
936,Benton,VT4,0.75
937,Benton,WA,0.75
938,Delaware,SFUN,0.75
939,Union,CS1,0.75
940,Wayne,H03,0.75
941,Monona,CP003,0.75
942,Shelby,6,0.75
943,Clayton,BM-HI,1.5
944,Muscatine,MU09,1.5
945,Muscatine,MU10,1.5
946,Muscatine,BL,1.5
947,Winnebago,CENTER,1.5
948,Audubon,1,1.5
949,Audubon,2,1.5
950,Louisa,SEL,1.5
951,Webster,11,1.5
952,Benton,PO,1.5
953,Marion,CL,0.36
954,Marion,IN,0.36
955,Marion,LB,0.36
956,Marion,WS,0.36
957,Cass,LW,0.36
958,Fayette,FB,0.36
959,Fayette,IL,0.36
960,Fayette,JF,0.36
961,Fayette,WE2,0.36
962,Madison,GMW,0.36
963,Pottawattamie,CARSON,0.36
964,Pottawattamie,GLWCW,0.36
965,Pottawattamie,MCCLELL,0.36
966,Wapello,GR,0.36
967,Wapello,KE,0.36
968,Davis,BF3,0.36
969,Davis,NE,0.36
970,Des Moines,PW,0.36
971,Des Moines,HJ,0.72
972,Des Moines,UNION,0.72
973,Cass,AT4,0.72
974,Cass,AT5,0.72
975,Cass,AN,0.72
976,Greene,NORTH,0.72
977,Madison,JDL,0.72
978,Pottawattamie,TREYNOR,0.72
979,Wapello,AG,0.72
980,Wapello,CN,0.72
981,Clarke,NE,0.72
982,Page,CL1,0.72
983,Hardin,AL,0.72
984,Des Moines,MY,1.44
985,Marion,PE3,1.44
986,Jones ,ANN,1.44
987,Mahaska,OS3,1.44
988,Marshall,9 1-1,1.44
989,Marshall,10 1-2,1.44
990,Greene,J3,1.44
991,Pottawattamie,CB 02,1.44
992,Pottawattamie,CB 18,1.44
993,Linn,CR05,2.6372093023255814
994,Linn,CR06,2.6372093023255814
995,Linn,CR11,2.6372093023255814
996,Linn,CR13,2.6372093023255814
997,Linn,CR14,2.6372093023255814
998,Linn,CR16,2.6372093023255814
999,Linn,CR17,2.6372093023255814
1000,Linn,CR23,2.6372093023255814
1001,Linn,CR29,2.6372093023255814
1002,Linn,CR32,2.6372093023255814
1003,Linn,CR33,2.6372093023255814
1004,Linn,CR34,2.6372093023255814
1005,Linn,CR35,2.6372093023255814
1006,Linn,HIA01,2.6372093023255814
1007,Linn,MR07,2.6372093023255814
1008,Linn,MR08,2.6372093023255814
1009,Linn,MR11,2.6372093023255814
1010,Linn,MR13,2.6372093023255814
1011,Linn,ROB,2.6372093023255814
1012,Linn,TFRA,2.6372093023255814
1013,Linn,TWAS,2.6372093023255814
1014,Linn,CR44,1.318604651162791
1015,Linn,MR02,1.318604651162791
1016,Linn,MR12,1.318604651162791
1017,Linn,TBRO,1.318604651162791
1018,Linn,TFAI,1.318604651162791
1019,Linn,TMAI,1.318604651162791
1020,Linn,TMON1,1.318604651162791
1021,Linn,TMON2,1.318604651162791
1022,Cedar,DA,0.6857142857142857
1023,Cedar,MA,0.6857142857142857
1024,Cedar,TT1,0.6857142857142857
1025,Cedar,TT2,0.6857142857142857
1026,Jackson,4,0.6857142857142857
1027,Jackson,6,0.6857142857142857
1028,Jackson,12,0.6857142857142857
1029,Jackson,14,0.6857142857142857
1030,Emmet,8,0.6857142857142857
1031,Keokuk,LF/CC,0.6857142857142857
1032,Adams,AD1,0.6857142857142857
1033,Adams,AD3,0.6857142857142857
1034,Guthrie ,5,0.6857142857142857
1035,Emmet,3,0.22857142857142854
1036,Emmet,5,0.22857142857142854
1037,Emmet,11,0.22857142857142854
1038,Keokuk,AD,0.22857142857142854
1039,Keokuk,RL,0.22857142857142854
1040,Keokuk,SG1,0.22857142857142854
1041,Keokuk,SG2,0.22857142857142854
1042,Keokuk,SG3,0.22857142857142854
1043,Keokuk,SG4,0.22857142857142854
1044,Scott,B11,2.893333333333333
1045,Scott,B41,2.893333333333333
1046,Scott,B42,2.893333333333333
1047,Scott,B51,2.893333333333333
1048,Scott,D41,2.893333333333333
1049,Scott,D51,2.893333333333333
1050,Scott,D63,2.893333333333333
1051,Scott,D71,2.893333333333333
1052,Scott,D72,2.893333333333333
1053,Scott,D82,2.893333333333333
1054,Scott,D83,2.893333333333333
1055,Polk,DM 004,1.6788008565310495
1056,Polk,DM 008,1.6788008565310495
1057,Polk,DM 013,1.6788008565310495
1058,Polk,DM 014,1.6788008565310495
1059,Polk,DM 017,1.6788008565310495
1060,Polk,DM 025,1.6788008565310495
1061,Polk,DM 030,1.6788008565310495
1062,Polk,DM 033,1.6788008565310495
1063,Polk,DM 038,1.6788008565310495
1064,Polk,DM 045,1.6788008565310495
1065,Polk,DM 046,1.6788008565310495
1066,Polk,DM 070,1.6788008565310495
1067,Polk,DM 077,1.6788008565310495
1068,Polk,DM 082,1.6788008565310495
1069,Polk,BOND 1,1.6788008565310495
1070,Polk,CLIVE 1,1.6788008565310495
1071,Polk,CROCK 1,1.6788008565310495
1072,Polk,FOUR MI,1.6788008565310495
1073,Polk,JOHN 6,1.6788008565310495
1074,Polk,MITCHEL,1.6788008565310495
1075,Polk,SAYLOR2,1.6788008565310495
1076,Polk,WDM-213,1.6788008565310495
1077,Polk,WDM-314,1.6788008565310495
1078,Polk,WHTS 1,1.6788008565310495
1079,Johnson,CV.01,3.645000000000001
1080,Johnson,CV.07,3.645000000000001
1081,Johnson,IC.05,3.645000000000001
1082,Johnson,IC.09,3.645000000000001
1083,Johnson,IC.12,3.645000000000001
1084,Johnson,IC.14,3.645000000000001
1085,Johnson,IC.20,3.645000000000001
1086,Johnson,NL.03,3.645000000000001
1087,Woodbury,33,0.2125
1088,Woodbury,37,0.2125
1089,Woodbury,39,0.2125
1090,Woodbury,40,0.2125
1091,Woodbury,41,0.2125
1092,Woodbury,42,0.2125
1093,Woodbury,43,0.2125
1094,Woodbury,44,0.2125
1095,Crawford,CO,0.3
1096,Ida,IG1,0.3
1097,Ida,IG2,0.3
1098,Ida,BL,0.3
1099,Winnebago,EDLONO,0.3
1100,Winnebago,KILI,0.3
1101,Winnebago,MVFOD2,0.3
1102,Mitchell,5,0.3
1103,Union,LR,0.3
1104,Pocahontas,PH2,0.3
1105,Davis,SE,0.3
1106,Crawford,DC-AB,0.6
1107,Crawford,NE,0.6
1108,Ida,MP,0.6
1109,Winnebago,FC3D3,0.6
1110,Winnebago,FC 2,0.6
1111,Cass,AT2,0.6
1112,Cass,AT3,0.6
1113,Cass,GS,0.6
1114,Fayette,PL,0.6
1115,Fayette,WE1,0.6
1116,Greene,CENTRAL,0.6
1117,Madison,WO,0.6
1118,Pottawattamie,MINDEN,0.6
1119,Adams,AD2,0.6
1120,Adams,AD4,0.6
1121,Benton,VT2,0.6
1122,Fremont,FG,0.6
1123,Mitchell,OS1,0.6
1124,Mitchell,6,0.6
1125,Wayne,A01,0.6
1126,Worth,W11,0.6
1127,Cedar,GW,1.2
1128,Cedar,LN,1.2
1129,Crawford,D2-DT,1.2
1130,Crawford,D3-GR,1.2
1131,Wright,CL,1.2
1132,Madison,PM,1.2
1133,Pottawattamie,CB 03,1.2
1134,Pottawattamie,CB 04,1.2
1135,Pottawattamie,CB 05,1.2
1136,Pottawattamie,CB 13,1.2
1137,Pottawattamie,CB 14,1.2
1138,Guthrie ,4,1.2
1139,Delaware,MC3,1.2
1140,Henry,MP2,1.2
1141,Sac,4,1.2
1142,Worth,W12,1.2
1143,Woodbury,1,1.7
1144,Woodbury,2,1.7
1145,Woodbury,3,1.7
1146,Woodbury,5,1.7
1147,Woodbury,7,1.7
1148,Woodbury,10,1.7
1149,Woodbury,18,1.7
1150,Woodbury,22,1.7
1151,Woodbury,26,1.7
1152,Woodbury,27,1.7
1153,Grundy,P2,0.30000000000000004
1154,Grundy,P4,0.30000000000000004
1155,Iowa,DA,0.30000000000000004
1156,Iowa,HS,0.30000000000000004
1157,Iowa,HC,0.30000000000000004
1158,Lyon,P3,0.30000000000000004
1159,Osceola,AT,0.30000000000000004
1160,Osceola,OX,0.30000000000000004
1161,Taylor,3TWNSHP,0.30000000000000004
1162,Van Buren,DO,0.30000000000000004
1163,Monona,ON106,0.30000000000000004
1164,Monona,SH010,0.30000000000000004
1165,Buena Vista,LKHM,0.6000000000000001
1166,Hamilton,PCT 5,0.6000000000000001
1167,Hancock,1,0.6000000000000001
1168,Iowa,EN,0.6000000000000001
1169,Iowa,HL,0.6000000000000001
1170,Iowa,PI,0.6000000000000001
1171,Louisa,MS,0.6000000000000001
1172,Lyon,P8,0.6000000000000001
1173,Taylor,BECITY,0.6000000000000001
1174,Shelby,8,0.6000000000000001
1175,Black Hawk,EO00,1.414
1176,Black Hawk,DK00,1.414
1177,Black Hawk,PK02,1.414
1178,Black Hawk,W202,1.414
1179,Black Hawk,W303,1.414
1180,Black Hawk,W304,1.414
1181,Black Hawk,W402,1.414
1182,Black Hawk,W404,1.414
1183,Black Hawk,W503,1.414
1184,Dallas,AL2,1.6571428571428573
1185,Dallas,BDM,1.6571428571428573
1186,Dallas,PY1,1.6571428571428573
1187,Dallas,PY2,1.6571428571428573
1188,Dallas,SGDC,1.6571428571428573
1189,Dallas,VM,1.6571428571428573
1190,Dallas,WM223,1.6571428571428573
1191,Dallas,WM226,1.6571428571428573
1192,Des Moines,BU6,1.08
1193,Des Moines,DM,1.08
1194,Marion,DA,1.08
1195,Marion,KX1,1.08
1196,Marion,KX2,1.08
1197,Marion,OTLEY,1.08
1198,Marion,PE4,1.08
1199,Fayette,OE3,1.08
1200,Pottawattamie,CB 01,1.08
1201,Pottawattamie,CB 19,1.08
1202,Pottawattamie,CB 20,1.08
1203,Wapello,OT05,1.08
1204,Wapello,OT06,1.08
1205,Wapello,OT07,1.08
1206,Black Hawk,X303,1.818
1207,Black Hawk,X403,1.818
1208,Black Hawk,W102,1.818
1209,Black Hawk,W104,1.818
1210,Black Hawk,W203,1.818
1211,Black Hawk,W205,1.818
1212,Black Hawk,W206,1.818
1213,Black Hawk,W302,1.818
1214,Black Hawk,W504,1.818
1215,Black Hawk,W506,1.818
1216,Calhoun,GREENFI,0.16666666666666666
1217,Calhoun,UNION,0.16666666666666666
1218,Webster,CP,0.16666666666666666
1219,Webster,FU,0.16666666666666666
1220,Webster,LG,0.16666666666666666
1221,Webster,NE,0.16666666666666666
1222,Webster,WA,0.16666666666666666
1223,Clayton,BV,0.16666666666666666
1224,Clayton,GM,0.16666666666666666
1225,Clayton,MR,0.16666666666666666
1226,Clayton,RD,0.16666666666666666
1227,Muscatine,OR,0.16666666666666666
1228,Clayton,LM,0.3333333333333333
1229,Muscatine,GO,0.3333333333333333
1230,Muscatine,PI,0.3333333333333333
1231,Webster,CD,0.3333333333333333
1232,Webster,DJ,0.3333333333333333
1233,Sac,3,0.3333333333333333
1234,Sac,9,0.3333333333333333
1235,Worth,W23,0.3333333333333333
1236,Worth,W24,0.3333333333333333
1237,Franklin,GNIGEM,0.3333333333333333
1238,Clayton,CL-GV,0.6666666666666666
1239,Muscatine,F1,0.6666666666666666
1240,Palo Alto,EM1,0.6666666666666666
1241,Palo Alto,EM2,0.6666666666666666
1242,Palo Alto,WB,0.6666666666666666
1243,Webster,DO,0.6666666666666666
1244,Henry,SW,0.6666666666666666
1245,Franklin,HP3,0.6666666666666666
1246,Dubuque,16,1.3333333333333333
1247,Dubuque,17,1.3333333333333333
1248,Dubuque,39,1.3333333333333333
1249,Clayton,MN,1.3333333333333333
1250,Muscatine,MU02,1.3333333333333333
1251,Muscatine,MU03,1.3333333333333333
1252,Webster,2,1.3333333333333333
1253,Henry,CE,1.3333333333333333
1254,Polk,DM 002,1.9586009992862243
1255,Polk,DM 023,1.9586009992862243
1256,Polk,DM 029,1.9586009992862243
1257,Polk,DM 031,1.9586009992862243
1258,Polk,DM 032,1.9586009992862243
1259,Polk,DM 037,1.9586009992862243
1260,Polk,DM 040,1.9586009992862243
1261,Polk,DM 075,1.9586009992862243
1262,Polk,DM 076,1.9586009992862243
1263,Polk,DM 078,1.9586009992862243
1264,Polk,DM 081,1.9586009992862243
1265,Polk,BOND 2,1.9586009992862243
1266,Polk,GRIMES3,1.9586009992862243
1267,Polk,WDM-115,1.9586009992862243
1268,Polk,WDM-211,1.9586009992862243
1269,Polk,WHTS 2,1.9586009992862243
1270,Polk,DM 003,2.5182012847965742
1271,Polk,DM 007,2.5182012847965742
1272,Polk,DM 009,2.5182012847965742
1273,Polk,DM 021,2.5182012847965742
1274,Polk,DM 073,2.5182012847965742
1275,Polk,ALT 2,2.5182012847965742
1276,Polk,ANK 03,2.5182012847965742
1277,Polk,ANK 04,2.5182012847965742
1278,Polk,ANK 11,2.5182012847965742
1279,Polk,ANK 15,2.5182012847965742
1280,Polk,CLIVE 2,2.5182012847965742
1281,Polk,PH 1,2.5182012847965742
1282,Polk,PH 2,2.5182012847965742
1283,Polk,PH 3,2.5182012847965742
1284,Polk,URB 01,2.5182012847965742
1285,Polk,URB 04,2.5182012847965742
1286,Polk,URB 11,2.5182012847965742
1287,Polk,WDM-116,2.5182012847965742
1288,Polk,WDM-117,2.5182012847965742
1289,Polk,WDM-118,2.5182012847965742
1290,Polk,WDM-317,2.5182012847965742
1291,Polk,WHTS 3,2.5182012847965742
1292,Linn,CR01,2.1976744186046506
1293,Linn,CR02,2.1976744186046506
1294,Linn,CR03,2.1976744186046506
1295,Linn,CR04,2.1976744186046506
1296,Linn,CR08,2.1976744186046506
1297,Linn,CR09,2.1976744186046506
1298,Linn,CR15,2.1976744186046506
1299,Linn,CR27,2.1976744186046506
1300,Linn,CR38,2.1976744186046506
1301,Linn,CR40,2.1976744186046506
1302,Linn,CR42,2.1976744186046506
1303,Linn,FAI,2.1976744186046506
1304,Linn,MR01,2.1976744186046506
1305,Linn,MR03,2.1976744186046506
1306,Linn,MR09,2.1976744186046506
1307,Linn,MR10,2.1976744186046506
1308,Linn,TPUT,2.1976744186046506
1309,Lee,FM1,0.7000000000000001
1310,Lee,KE1,0.7000000000000001
1311,Lee,KE2A,0.7000000000000001
1312,Poweshiek,10,0.7000000000000001
1313,Hamilton,PCT 1,0.7000000000000001
1314,Lyon,P4,0.7000000000000001
1315,Osceola,OS2,0.7000000000000001
1316,Chickasaw,NH3,0.7000000000000001
1317,Chickasaw,NH4,0.7000000000000001
1318,Linn,CR07,1.7581395348837208
1319,Linn,CR18,1.7581395348837208
1320,Linn,CR22,1.7581395348837208
1321,Linn,CR43,1.7581395348837208
1322,Linn,HIA02,1.7581395348837208
1323,Linn,MR04,1.7581395348837208
1324,Linn,MR14,1.7581395348837208
1325,Linn,MVN,1.7581395348837208
1326,Scott,AG,0.4133333333333333
1327,Scott,B23,0.4133333333333333
1328,Scott,BF,0.4133333333333333
1329,Scott,DH,0.4133333333333333
1330,Scott,HG,0.4133333333333333
1331,Scott,LB,0.4133333333333333
1332,Scott,MC,0.4133333333333333
1333,Scott,RV,0.4133333333333333
1334,Scott,WF,0.4133333333333333
1335,Scott,B21,1.653333333333333
1336,Scott,BG,1.653333333333333
1337,Scott,D22,1.653333333333333
1338,Scott,D23,1.653333333333333
1339,Scott,D32,1.653333333333333
1340,Scott,D33,1.653333333333333
1341,Scott,D74,1.653333333333333
1342,Scott,LC1,1.653333333333333
1343,Scott,LC2,1.653333333333333
1344,Scott,PKV,1.653333333333333
1345,Jones ,OX,0.32
1346,Mahaska,AD,0.32
1347,Mahaska,BO,0.32
1348,Mahaska,ED,0.32
1349,Marshall,6 LB-MI,0.32
1350,Marshall,7 MA-WA,0.32
1351,Appanoose,WS,0.32
1352,Appanoose,BL,0.32
1353,Appanoose,JO,0.32
1354,Appanoose,UD,0.32
1355,Jones ,MN1,0.64
1356,Jones ,MN2,0.64
1357,Jones ,MN3,0.64
1358,Jones ,MN4,0.64
1359,Jones ,RLWS,0.64
1360,Jones ,SGMC,0.64
1361,Mahaska,CE,0.64
1362,Mahaska,PR,0.64
1363,Marshall,8 MR-VI,0.64
1364,Marshall,19 TC,0.64
1365,Clarke,OC1,0.64
1366,Clarke,OC2,0.64
1367,Scott,BU,2.0666666666666664
1368,Scott,D11,2.0666666666666664
1369,Scott,D14,2.0666666666666664
1370,Scott,D31,2.0666666666666664
1371,Scott,D34,2.0666666666666664
1372,Scott,D42,2.0666666666666664
1373,Scott,D43,2.0666666666666664
1374,Scott,D44,2.0666666666666664
1375,Scott,D54,2.0666666666666664
1376,Scott,D81,2.0666666666666664
1377,Scott,D84,2.0666666666666664
1378,Scott,EL2,2.0666666666666664
1379,Polk,DM 011,3.077801570306924
1380,Polk,DM 043,3.077801570306924
1381,Polk,DM 058,3.077801570306924
1382,Polk,DM 059,3.077801570306924
1383,Polk,DM 063,3.077801570306924
1384,Polk,DM 065,3.077801570306924
1385,Polk,ALT 5,3.077801570306924
1386,Polk,CLIVE 3,3.077801570306924
1387,Polk,GRIMES2,3.077801570306924
1388,Polk,POLK CI,3.077801570306924
1389,Polk,URB 02,3.077801570306924
1390,Polk,URB 06,3.077801570306924
1391,Polk,URB 07,3.077801570306924
1392,Polk,URB 09,3.077801570306924
1393,Polk,WDM-212,3.077801570306924
1394,Polk,WDM-316,3.077801570306924
1395,Story,21,0.415
1396,Story,23,0.415
1397,Story,27,0.415
1398,Story,28,0.415
1399,Story,29,0.415
1400,Story,34,0.415
1401,Story,36,0.415
1402,Story,37,0.415
1403,Story,38,0.415
1404,Story,42,0.415
1405,Hancock,2,0.2
1406,Hancock,3,0.2
1407,Hancock,8,0.2
1408,Hancock,10,0.2
1409,Lyon,P2,0.2
1410,Lyon,P5,0.2
1411,Osceola,MC,0.2
1412,Osceola,MV,0.2
1413,Taylor,BK,0.2
1414,Taylor,CF,0.2
1415,Taylor,GRAVITY,0.2
1416,Van Buren,CN,0.2
1417,Van Buren,ML,0.2
1418,Sac,5,0.2
1419,Sac,8,0.2
1420,Monona,CN002,0.2
1421,Monona,STC11,0.2
1422,Buena Vista,ACFC,0.4
1423,Buena Vista,NENP,0.4
1424,Buena Vista,TRWG,0.4
1425,Wright,DOWS,0.4
1426,Wright,EG2,0.4
1427,Wright,EG3,0.4
1428,Wright,EG4,0.4
1429,Grundy,P3,0.4
1430,Hancock,7,0.4
1431,Hancock,9,0.4
1432,Lyon,P7,0.4
1433,Osceola,OS1,0.4
1434,Taylor,NM,0.4
1435,Van Buren,BI,0.4
1436,Van Buren,BO,0.4
1437,Van Buren,FM,0.4
1438,Appanoose,PS,0.4
1439,Appanoose,WALNUT,0.4
1440,Montgomery,6,0.4
1441,Page,PC,0.4
1442,Sac,6,0.4
1443,Monona,AS001,0.4
1444,Dubuque,37,0.8
1445,Dubuque,38,0.8
1446,Buena Vista,2,0.8
1447,Jones ,ROHA,0.8
1448,Marshall,18 TA,0.8
1449,Iowa,FM,0.8
1450,Iowa,HT,0.8
1451,Osceola,OS3,0.8
1452,Humboldt,H2-B-SN,0.8
1453,Kossuth,AL1,0.8
1454,Appanoose,CV3,0.8
1455,Clarke,OC3,0.8
1456,Montgomery,1,0.8
1457,Montgomery,2,0.8
1458,Page,ER,0.8
1459,Page,SD2,0.8
1460,Clayton,GDLUMO,1.1666666666666663
1461,Muscatine,MU04,1.1666666666666663
1462,Muscatine,MU05,1.1666666666666663
1463,Muscatine,MU07,1.1666666666666663
1464,Muscatine,WL2,1.1666666666666663
1465,Webster,4,1.1666666666666663
1466,Webster,7,1.1666666666666663
1467,Webster,12,1.1666666666666663
1468,Johnson,CV.04,2.835
1469,Johnson,CV.05,2.835
1470,Johnson,IC.03,2.835
1471,Johnson,IC.10,2.835
1472,Johnson,IC.13,2.835
1473,Johnson,IC.19,2.835
1474,Johnson,NP,2.835
1475,Johnson,NL.01,2.835
1476,Johnson,NL.02,2.835
1477,Pocahontas,GT,0.12
1478,Cass,VI,0.12
1479,Cass,CU,0.12
1480,Fayette,CE,0.12
1481,Fayette,SC,0.12
1482,Fayette,SF,0.12
1483,Fayette,UN,0.12
1484,Pottawattamie,MACEDON,0.12
1485,Cass,BN,0.24
1486,Cass,MS,0.24
1487,Fayette,AU,0.24
1488,Fayette,DV,0.24
1489,Fayette,ED,0.24
1490,Fayette,OR,0.24
1491,Pottawattamie,HANCOCK,0.24
1492,Clarke,WB,0.24
1493,Montgomery,4,0.24
1494,Montgomery,5,0.24
1495,Jones ,GF,0.48
1496,Jones ,WY,0.48
1497,Mahaska,GF,0.48
1498,Mahaska,SP,0.48
1499,Marshall,1 BA-LS,0.48
1500,Marshall,3 GC,0.48
1501,Marshall,4 JF,0.48
1502,Cass,AT1,0.48
1503,Cass,MR,0.48
1504,Fayette,BF,0.48
1505,Fayette,BW,0.48
1506,Fayette,CL,0.48
1507,Fayette,FP,0.48
1508,Fayette,HL,0.48
1509,Fayette,WE3,0.48
1510,Greene,WEST,0.48
1511,Pottawattamie,WALNUT,0.48
1512,Appanoose,VM,0.48
1513,Clarke,MDL,0.48
1514,Clarke,MY,0.48
1515,Page,SD1,0.48
1516,Pocahontas,CD,0.48
1517,Davis,BF1,0.48
1518,Davis,BF2,0.48
1519,Davis,CN,0.48
1520,Mahaska,OS1,0.96
1521,Marshall,5 LG,0.96
1522,Fayette,OE1,0.96
1523,Greene,J1,0.96
1524,Greene,J2,0.96
1525,Pottawattamie,CB 21,0.96
1526,Pottawattamie,AVOCA,0.96
1527,Pottawattamie,NEOLA,0.96
1528,Pottawattamie,OAKLAND,0.96
1529,Montgomery,3,0.96
1530,Linn,CR10,3.076744186046512
1531,Linn,CR19,3.076744186046512
1532,Linn,CR20,3.076744186046512
1533,Linn,CR21,3.076744186046512
1534,Linn,CR28,3.076744186046512
1535,Linn,CR30,3.076744186046512
1536,Linn,CR37,3.076744186046512
1537,Linn,CR41,3.076744186046512
1538,Linn,MR06,3.076744186046512
1539,Linn,MVS,3.076744186046512
1540,Linn,TBER,3.076744186046512
1541,Polk,DM 020,2.2384011420413987
1542,Polk,DM 022,2.2384011420413987
1543,Polk,DM 026,2.2384011420413987
1544,Polk,DM 036,2.2384011420413987
1545,Polk,DM 047,2.2384011420413987
1546,Polk,DM 050,2.2384011420413987
1547,Polk,DM 057,2.2384011420413987
1548,Polk,DM 064,2.2384011420413987
1549,Polk,DM 069,2.2384011420413987
1550,Polk,DM 079,2.2384011420413987
1551,Polk,DM 083,2.2384011420413987
1552,Polk,ANK 07,2.2384011420413987
1553,Polk,ANK 10,2.2384011420413987
1554,Polk,JOHN 3,2.2384011420413987
1555,Polk,SAYLOR1,2.2384011420413987
1556,Polk,WDM-111,2.2384011420413987
1557,Polk,WDM-113,2.2384011420413987
1558,Polk,WDM-315,2.2384011420413987
1559,Polk,DM 001,1.1192005710206996
1560,Polk,DM 005,1.1192005710206996
1561,Polk,DM 019,1.1192005710206996
1562,Polk,DM 024,1.1192005710206996
1563,Polk,DM 035,1.1192005710206996
1564,Polk,DM 053,1.1192005710206996
1565,Polk,DM 054,1.1192005710206996
1566,Polk,DM 074,1.1192005710206996
1567,Polk,CROCK 2,1.1192005710206996
1568,Polk,ELKHART,1.1192005710206996
1569,Polk,FRANKLI,1.1192005710206996
1570,Polk,WDM-313,1.1192005710206996
1571,Crawford,SRK,0.45
1572,Ida,IG3,0.45
1573,Winnebago,FC 4,0.45
1574,Winnebago,NEFOD1,0.45
1575,Wapello,CB,0.45
1576,Benton,BP1,0.45
1577,Benton,BP3,0.45
1578,Benton,HO,0.45
1579,Benton,KA,0.45
1580,Delaware,DW,0.45
1581,Mitchell,OS2,0.45
1582,Marion,KX4,0.8999999999999999
1583,Marion,LP,0.8999999999999999
1584,Crawford,D1,0.8999999999999999
1585,Ida,GG,0.8999999999999999
1586,Benton,FL,0.8999999999999999
1587,Benton,VT1,0.8999999999999999
1588,Delaware,MC1,0.8999999999999999
1589,Delaware,MLPR,0.8999999999999999
1590,Fremont,SN,0.8999999999999999
1591,Mitchell,9,0.8999999999999999
1592,Des Moines,BU3,1.7999999999999998
1593,Des Moines,BU4,1.7999999999999998
1594,Des Moines,BU5,1.7999999999999998
1595,Des Moines,FM,1.7999999999999998
1596,Pottawattamie,CB 06,1.7999999999999998
1597,Pottawattamie,CB 07,1.7999999999999998
1598,Pottawattamie,CB 10B,1.7999999999999998
1599,Pottawattamie,CB 17,1.7999999999999998
1600,Wapello,OT02,1.7999999999999998
1601,Scott,B12,2.48
1602,Scott,B22,2.48
1603,Scott,B31,2.48
1604,Scott,B32,2.48
1605,Scott,D12,2.48
1606,Scott,D13,2.48
1607,Scott,D21,2.48
1608,Scott,D24,2.48
1609,Scott,D52,2.48
1610,Scott,D53,2.48
1611,Scott,D61,2.48
1612,Scott,D62,2.48
1613,Scott,D73,2.48
1614,Scott,EL1,2.48
1615,Cerro Gordo,MC W3P3,2.48
1616,Warren,CM WDM,0.4666666666666667
1617,Warren,LC1,0.4666666666666667
1618,Warren,SQC,0.4666666666666667
1619,Warren,VA,0.4666666666666667
1620,Mills,PJ,0.4666666666666667
1621,Butler,3-DU,0.4666666666666667
1622,Butler,4-AL,0.4666666666666667
1623,Harrison,MA,0.4666666666666667
1624,Harrison,TA,0.4666666666666667
1625,Sac,1,0.4666666666666667
1626,Worth,W21,0.4666666666666667
1627,Worth,W22,0.4666666666666667
1628,Dubuque,3,1.8666666666666667
1629,Dubuque,8,1.8666666666666667
1630,Dubuque,13,1.8666666666666667
1631,Dubuque,18,1.8666666666666667
1632,Dubuque,33,1.8666666666666667
1633,Dubuque,36,1.8666666666666667
1634,Dubuque,41,1.8666666666666667
1635,Dubuque,42,1.8666666666666667
1636,Warren,AL3,1.8666666666666667
1637,Warren,NW1,1.8666666666666667
1638,Wright,BM,1.8666666666666667
1639,Fayette,OE2,0.84
1640,Fayette,WF,0.84
1641,Greene,EAST,0.84
1642,Madison,JL,0.84
1643,Madison,S,0.84
1644,Pottawattamie,CL 1,0.84
1645,Pottawattamie,CL 2,0.84
1646,Pocahontas,PH1,0.84
1647,Polk,DM 010,2.798001427551749
1648,Polk,DM 028,2.798001427551749
1649,Polk,DM 060,2.798001427551749
1650,Polk,DM 061,2.798001427551749
1651,Polk,DM 071,2.798001427551749
1652,Polk,DM 080,2.798001427551749
1653,Polk,ALT 4,2.798001427551749
1654,Polk,ANK 02,2.798001427551749
1655,Polk,ANK 05,2.798001427551749
1656,Polk,ANK 06,2.798001427551749
1657,Polk,ANK 08,2.798001427551749
1658,Polk,ANK 09,2.798001427551749
1659,Polk,ANK 14,2.798001427551749
1660,Polk,CLIVE 4,2.798001427551749
1661,Polk,JOHN 4,2.798001427551749
1662,Polk,URB 03,2.798001427551749
1663,Polk,URB 05,2.798001427551749
1664,Polk,URB 08,2.798001427551749
1665,Polk,URB 10,2.798001427551749
1666,Polk,WDM-311,2.798001427551749
1667,Polk,WDM-312,2.798001427551749
1668,Polk,DM 006,1.3990007137758744
1669,Polk,DM 012,1.3990007137758744
1670,Polk,DM 018,1.3990007137758744
1671,Polk,DM 027,1.3990007137758744
1672,Polk,DM 051,1.3990007137758744
1673,Polk,DM 052,1.3990007137758744
1674,Polk,DM 068,1.3990007137758744
1675,Polk,DM 084,1.3990007137758744
1676,Polk,ALT 1,1.3990007137758744
1677,Polk,DEL 1,1.3990007137758744
1678,Polk,JEFF 1,1.3990007137758744
1679,Polk,RUNNELL,1.3990007137758744
1680,Polk,WDM-112,1.3990007137758744
